[{"model": "contenttypes.contenttype", "pk": 1, "fields": {"app_label": "admin", "model": "logentry"}}, {"model": "contenttypes.contenttype", "pk": 2, "fields": {"app_label": "auth", "model": "permission"}}, {"model": "contenttypes.contenttype", "pk": 3, "fields": {"app_label": "auth", "model": "group"}}, {"model": "contenttypes.contenttype", "pk": 4, "fields": {"app_label": "auth", "model": "user"}}, {"model": "contenttypes.contenttype", "pk": 5, "fields": {"app_label": "contenttypes", "model": "contenttype"}}, {"model": "contenttypes.contenttype", "pk": 6, "fields": {"app_label": "sessions", "model": "session"}}, {"model": "contenttypes.contenttype", "pk": 7, "fields": {"app_label": "profiles", "model": "profile"}}, {"model": "contenttypes.contenttype", "pk": 8, "fields": {"app_label": "profiles", "model": "forbiddenuser"}}, {"model": "contenttypes.contenttype", "pk": 9, "fields": {"app_label": "profiles", "model": "feedback"}}, {"model": "contenttypes.contenttype", "pk": 10, "fields": {"app_label": "bets", "model": "choicebet"}}, {"model": "contenttypes.contenttype", "pk": 11, "fields": {"app_label": "bets", "model": "choice"}}, {"model": "contenttypes.contenttype", "pk": 12, "fields": {"app_label": "bets", "model": "placedchoicebet"}}, {"model": "contenttypes.contenttype", "pk": 13, "fields": {"app_label": "bets", "model": "datebet"}}, {"model": "contenttypes.contenttype", "pk": 14, "fields": {"app_label": "bets", "model": "placeddatebet"}}, {"model": "contenttypes.contenttype", "pk": 15, "fields": {"app_label": "ledger", "model": "account"}}, {"model": "contenttypes.contenttype", "pk": 16, "fields": {"app_label": "ledger", "model": "transaction"}}, {"model": "contenttypes.contenttype", "pk": 17, "fields": {"app_label": "ledger", "model": "credit"}}, {"model": "contenttypes.contenttype", "pk": 18, "fields": {"app_label": "ledger", "model": "debit"}}, {"model": "sessions.session", "pk": "2nvielgqp5gq25e8h3eelf6kagqto8fv", "fields": {"session_data": "MDJlYjIyNmRmMGE4ZWIxOTgzY2M1N2I0MjI3NzMxNjk5N2NjZjRkZjp7Il9hdXRoX3VzZXJfaWQiOiIxIiwiX2F1dGhfdXNlcl9iYWNrZW5kIjoiZGphbmdvLmNvbnRyaWIuYXV0aC5iYWNrZW5kcy5Nb2RlbEJhY2tlbmQiLCJfYXV0aF91c2VyX2hhc2giOiJjMGQ4MjRmZmM3N2Y5YmMzMzY2OTU2NDgwMjE2ZDFmYzU4MTQwNGMzIn0=", "expire_date": "2016-06-20T16:53:55.346Z"}}, {"model": "sessions.session", "pk": "39qjge45ttkaq7qsj56agk2x5juy4xcm", "fields": {"session_data": "N2NhZjNmOTI0NDM1ZjQ5N2ExYzEwNGZhYTMxNGUzODU0YTI5ZjNhYTp7Il9hdXRoX3VzZXJfaWQiOiIzIiwiX2F1dGhfdXNlcl9iYWNrZW5kIjoiZGphbmdvLmNvbnRyaWIuYXV0aC5iYWNrZW5kcy5Nb2RlbEJhY2tlbmQiLCJfYXV0aF91c2VyX2hhc2giOiIwYzUxNGNiMGJhYjAxOGZmMzM1OTc2NTY5Nzg3NTdhNzkwNTNkMDJjIn0=", "expire_date": "2016-06-20T17:39:12.649Z"}}, {"model": "sessions.session", "pk": "6dw4wajlqprlq45q49nq9x4gnealw8wn", "fields": {"session_data": "ODJkYzQxNTkwM2EwNGFiMjc2ZjA3ZDE2MmNmNzkwOWNjOTcxNzEzOTp7Il9hdXRoX3VzZXJfaWQiOiIyIiwiX2F1dGhfdXNlcl9oYXNoIjoiYmEwNDg0N2IzZjM5ZGMzYjRmMmRkODY1YTgwZWRhZGE4NDA1NzQ1MiIsIl9hdXRoX3VzZXJfYmFja2VuZCI6ImRqYW5nby5jb250cmliLmF1dGguYmFja2VuZHMuTW9kZWxCYWNrZW5kIn0=", "expire_date": "2016-06-16T18:14:27.600Z"}}, {"model": "sessions.session", "pk": "o6047w1vo4c3sdfj0zlcxiermq98657g", "fields": {"session_data": "ZTE2MWYxOGQ2ZTE3YzlmNDY5NTBkYTdjZjNmMmI5MmIzZjY4M2U3Zjp7Il9hdXRoX3VzZXJfaWQiOiI1IiwiX2F1dGhfdXNlcl9iYWNrZW5kIjoiZGphbmdvLmNvbnRyaWIuYXV0aC5iYWNrZW5kcy5Nb2RlbEJhY2tlbmQiLCJfYXV0aF91c2VyX2hhc2giOiJmNjJmODg1ODY1YWU5ZDM3ZGVhZGI3MGI0ZDFmNDdlMmUxZDY5MzNkIn0=", "expire_date": "2016-06-20T17:39:20.558Z"}}, {"model": "sessions.session", "pk": "poq17g0q91p35cwgkvhfivs2xe2b89hh", "fields": {"session_data": "OTRiZDk3MjA5NzI3NjkwY2EwODVjZGVjZmQ1ZmQ3Y2YzZDU5MTEwYjp7Il9hdXRoX3VzZXJfaWQiOiI0IiwiX2F1dGhfdXNlcl9iYWNrZW5kIjoiZGphbmdvLmNvbnRyaWIuYXV0aC5iYWNrZW5kcy5Nb2RlbEJhY2tlbmQiLCJfYXV0aF91c2VyX2hhc2giOiI1Yjk4OWRhNmY5ZTMxMDEzZDE3NzYzNGY2ZjdlNDNhZDU2MjZjYjk2In0=", "expire_date": "2016-06-20T17:18:52.562Z"}}, {"model": "sessions.session", "pk": "q5cwh0macu8zo9i4kms9qqgwk4699ckr", "fields": {"session_data": "ZTE2MWYxOGQ2ZTE3YzlmNDY5NTBkYTdjZjNmMmI5MmIzZjY4M2U3Zjp7Il9hdXRoX3VzZXJfaWQiOiI1IiwiX2F1dGhfdXNlcl9iYWNrZW5kIjoiZGphbmdvLmNvbnRyaWIuYXV0aC5iYWNrZW5kcy5Nb2RlbEJhY2tlbmQiLCJfYXV0aF91c2VyX2hhc2giOiJmNjJmODg1ODY1YWU5ZDM3ZGVhZGI3MGI0ZDFmNDdlMmUxZDY5MzNkIn0=", "expire_date": "2016-06-20T17:35:52.528Z"}}, {"model": "sessions.session", "pk": "t1yuwp4bkvi7pvegw6o1g6b73cfhnigc", "fields": {"session_data": "N2I4ZDY1NzU2NTcwYmQ5MjM3YWI3NGUyYTFmOGNkNjFmNzdlMDlkZTp7Il9hdXRoX3VzZXJfaWQiOiIyIiwiX2F1dGhfdXNlcl9iYWNrZW5kIjoiZGphbmdvLmNvbnRyaWIuYXV0aC5iYWNrZW5kcy5Nb2RlbEJhY2tlbmQiLCJfYXV0aF91c2VyX2hhc2giOiJkODIxODE2ZGQxOTFiNDI1Mjg5NWNmZWIwYmNhNGFlYmRmMDU2OWZlIn0=", "expire_date": "2016-06-16T21:15:52.224Z"}}, {"model": "sessions.session", "pk": "ydlnwv13zw3gdd2pxggyhj2s81j4rauh", "fields": {"session_data": "N2NhZjNmOTI0NDM1ZjQ5N2ExYzEwNGZhYTMxNGUzODU0YTI5ZjNhYTp7Il9hdXRoX3VzZXJfaWQiOiIzIiwiX2F1dGhfdXNlcl9iYWNrZW5kIjoiZGphbmdvLmNvbnRyaWIuYXV0aC5iYWNrZW5kcy5Nb2RlbEJhY2tlbmQiLCJfYXV0aF91c2VyX2hhc2giOiIwYzUxNGNiMGJhYjAxOGZmMzM1OTc2NTY5Nzg3NTdhNzkwNTNkMDJjIn0=", "expire_date": "2016-06-20T17:18:40.654Z"}}, {"model": "profiles.forbiddenuser", "pk": 17, "fields": {"name": "Nathalie", "has_account": false, "account": null}}, {"model": "profiles.forbiddenuser", "pk": 18, "fields": {"name": "Markus", "has_account": true, "account": 2}}, {"model": "profiles.forbiddenuser", "pk": 19, "fields": {"name": "Thomas", "has_account": true, "account": 1}}, {"model": "profiles.forbiddenuser", "pk": 20, "fields": {"name": "Andrea", "has_account": false, "account": null}}, {"model": "profiles.forbiddenuser", "pk": 21, "fields": {"name": "Niko", "has_account": false, "account": null}}, {"model": "profiles.forbiddenuser", "pk": 22, "fields": {"name": "Marco", "has_account": false, "account": null}}, {"model": "profiles.forbiddenuser", "pk": 23, "fields": {"name": "Adrian", "has_account": true, "account": 5}}, {"model": "profiles.forbiddenuser", "pk": 24, "fields": {"name": "Hermel", "has_account": false, "account": null}}, {"model": "profiles.forbiddenuser", "pk": 25, "fields": {"name": "Nick", "has_account": true, "account": 4}}, {"model": "profiles.forbiddenuser", "pk": 26, "fields": {"name": "Steffi", "has_account": false, "account": null}}, {"model": "profiles.forbiddenuser", "pk": 27, "fields": {"name": "Julia", "has_account": false, "account": null}}, {"model": "profiles.forbiddenuser", "pk": 28, "fields": {"name": "Gregor", "has_account": false, "account": null}}, {"model": "profiles.forbiddenuser", "pk": 29, "fields": {"name": "Carsten", "has_account": false, "account": null}}, {"model": "profiles.forbiddenuser", "pk": 30, "fields": {"name": "Bodi", "has_account": false, "account": null}}, {"model": "profiles.forbiddenuser", "pk": 31, "fields": {"name": "Theo", "has_account": false, "account": null}}, {"model": "profiles.forbiddenuser", "pk": 32, "fields": {"name": "Fred", "has_account": true, "account": 3}}, {"model": "bets.choicebet", "pk": 1165877166, "fields": {"owner": 2, "name": "Thomas is voll doof", "description": "Ist Thomas voll doof?", "created": "2016-06-06T18:05:46.916Z", "pub_date": "2016-06-06", "end_bets_date": null, "resolved": false, "pot": 0, "account": 13, "end_date": null, "winning_choice": null, "forbidden": [19]}}, {"model": "bets.choice", "pk": 4, "fields": {"belongs_to": 1165877166, "description": "JA", "picks": 2}}, {"model": "bets.choice", "pk": 5, "fields": {"belongs_to": 1165877166, "description": "Nein", "picks": 0}}, {"model": "bets.placedchoicebet", "pk": 1, "fields": {"created": "2016-06-06T18:10:31.388Z", "placed_by": 5, "placed": 2, "transaction": 1231120610, "placed_on": 1165877166, "chosen": 4}}, {"model": "bets.placedchoicebet", "pk": 2, "fields": {"created": "2016-06-06T18:14:35.493Z", "placed_by": 2, "placed": 100, "transaction": 290340996, "placed_on": 1165877166, "chosen": 4}}, {"model": "ledger.account", "pk": 1, "fields": {"created": "2016-06-02T18:16:49.413Z", "name": "thames1990", "type": "p", "balance": 5000}}, {"model": "ledger.account", "pk": 2, "fields": {"created": "2016-06-02T18:17:29.026Z", "name": "splork", "type": "p", "balance": 4900}}, {"model": "ledger.account", "pk": 3, "fields": {"created": "2016-06-02T18:22:46.267Z", "name": "withdrawal", "type": "o", "balance": 0}}, {"model": "ledger.account", "pk": 4, "fields": {"created": "2016-06-02T18:23:02.430Z", "name": "deposit", "type": "o", "balance": 0}}, {"model": "ledger.account", "pk": 5, "fields": {"created": "2016-06-02T18:24:04.185Z", "name": "operator", "type": "o", "balance": 0}}, {"model": "ledger.account", "pk": 6, "fields": {"created": "2016-06-06T17:18:22.049Z", "name": "thomas", "type": "p", "balance": 5000}}, {"model": "ledger.account", "pk": 7, "fields": {"created": "2016-06-06T17:18:36.006Z", "name": "q.+-_", "type": "p", "balance": 5000}}, {"model": "ledger.account", "pk": 12, "fields": {"created": "2016-06-06T17:35:42.637Z", "name": "zitronentee", "type": "p", "balance": 4998}}, {"model": "ledger.account", "pk": 13, "fields": {"created": "2016-06-06T18:05:46.910Z", "name": "Thomas is voll doof", "type": "b", "balance": 102}}, {"model": "ledger.transaction", "pk": 952907, "fields": {"timestamp": "2016-06-06T18:00:34.575Z", "description": "Initial funds"}}, {"model": "ledger.transaction", "pk": 290340996, "fields": {"timestamp": "2016-06-06T18:14:35.459Z", "description": "Placed Bet\nBet: 1165877166\nUser: splork\nAmount: 100"}}, {"model": "ledger.transaction", "pk": 1231120610, "fields": {"timestamp": "2016-06-06T18:10:31.344Z", "description": "Placed Bet\nBet: 1165877166\nUser: zitronentee\nAmount: 2"}}, {"model": "ledger.credit", "pk": 1, "fields": {"transaction": 952907, "account": 1, "amount": 5000}}, {"model": "ledger.credit", "pk": 2, "fields": {"transaction": 952907, "account": 2, "amount": 5000}}, {"model": "ledger.credit", "pk": 3, "fields": {"transaction": 952907, "account": 7, "amount": 5000}}, {"model": "ledger.credit", "pk": 4, "fields": {"transaction": 952907, "account": 6, "amount": 5000}}, {"model": "ledger.credit", "pk": 5, "fields": {"transaction": 952907, "account": 12, "amount": 5000}}, {"model": "ledger.credit", "pk": 6, "fields": {"transaction": 1231120610, "account": 13, "amount": 2}}, {"model": "ledger.credit", "pk": 7, "fields": {"transaction": 290340996, "account": 13, "amount": 100}}, {"model": "ledger.debit", "pk": 1, "fields": {"transaction": 952907, "account": 4, "amount": 25000}}, {"model": "ledger.debit", "pk": 2, "fields": {"transaction": 1231120610, "account": 12, "amount": 2}}, {"model": "ledger.debit", "pk": 3, "fields": {"transaction": 290340996, "account": 2, "amount": 100}}, {"model": "auth.permission", "pk": 1, "fields": {"name": "Can add log entry", "content_type": 1, "codename": "add_logentry"}}, {"model": "auth.permission", "pk": 2, "fields": {"name": "Can change log entry", "content_type": 1, "codename": "change_logentry"}}, {"model": "auth.permission", "pk": 3, "fields": {"name": "Can delete log entry", "content_type": 1, "codename": "delete_logentry"}}, {"model": "auth.permission", "pk": 4, "fields": {"name": "Can add permission", "content_type": 2, "codename": "add_permission"}}, {"model": "auth.permission", "pk": 5, "fields": {"name": "Can change permission", "content_type": 2, "codename": "change_permission"}}, {"model": "auth.permission", "pk": 6, "fields": {"name": "Can delete permission", "content_type": 2, "codename": "delete_permission"}}, {"model": "auth.permission", "pk": 7, "fields": {"name": "Can add group", "content_type": 3, "codename": "add_group"}}, {"model": "auth.permission", "pk": 8, "fields": {"name": "Can change group", "content_type": 3, "codename": "change_group"}}, {"model": "auth.permission", "pk": 9, "fields": {"name": "Can delete group", "content_type": 3, "codename": "delete_group"}}, {"model": "auth.permission", "pk": 10, "fields": {"name": "Can add user", "content_type": 4, "codename": "add_user"}}, {"model": "auth.permission", "pk": 11, "fields": {"name": "Can change user", "content_type": 4, "codename": "change_user"}}, {"model": "auth.permission", "pk": 12, "fields": {"name": "Can delete user", "content_type": 4, "codename": "delete_user"}}, {"model": "auth.permission", "pk": 13, "fields": {"name": "Can add content type", "content_type": 5, "codename": "add_contenttype"}}, {"model": "auth.permission", "pk": 14, "fields": {"name": "Can change content type", "content_type": 5, "codename": "change_contenttype"}}, {"model": "auth.permission", "pk": 15, "fields": {"name": "Can delete content type", "content_type": 5, "codename": "delete_contenttype"}}, {"model": "auth.permission", "pk": 16, "fields": {"name": "Can add session", "content_type": 6, "codename": "add_session"}}, {"model": "auth.permission", "pk": 17, "fields": {"name": "Can change session", "content_type": 6, "codename": "change_session"}}, {"model": "auth.permission", "pk": 18, "fields": {"name": "Can delete session", "content_type": 6, "codename": "delete_session"}}, {"model": "auth.permission", "pk": 19, "fields": {"name": "Can add profile", "content_type": 7, "codename": "add_profile"}}, {"model": "auth.permission", "pk": 20, "fields": {"name": "Can change profile", "content_type": 7, "codename": "change_profile"}}, {"model": "auth.permission", "pk": 21, "fields": {"name": "Can delete profile", "content_type": 7, "codename": "delete_profile"}}, {"model": "auth.permission", "pk": 22, "fields": {"name": "Can add forbidden user", "content_type": 8, "codename": "add_forbiddenuser"}}, {"model": "auth.permission", "pk": 23, "fields": {"name": "Can change forbidden user", "content_type": 8, "codename": "change_forbiddenuser"}}, {"model": "auth.permission", "pk": 24, "fields": {"name": "Can delete forbidden user", "content_type": 8, "codename": "delete_forbiddenuser"}}, {"model": "auth.permission", "pk": 25, "fields": {"name": "Can add feedback", "content_type": 9, "codename": "add_feedback"}}, {"model": "auth.permission", "pk": 26, "fields": {"name": "Can change feedback", "content_type": 9, "codename": "change_feedback"}}, {"model": "auth.permission", "pk": 27, "fields": {"name": "Can delete feedback", "content_type": 9, "codename": "delete_feedback"}}, {"model": "auth.permission", "pk": 28, "fields": {"name": "Can add choice bet", "content_type": 10, "codename": "add_choicebet"}}, {"model": "auth.permission", "pk": 29, "fields": {"name": "Can change choice bet", "content_type": 10, "codename": "change_choicebet"}}, {"model": "auth.permission", "pk": 30, "fields": {"name": "Can delete choice bet", "content_type": 10, "codename": "delete_choicebet"}}, {"model": "auth.permission", "pk": 31, "fields": {"name": "Can add choice", "content_type": 11, "codename": "add_choice"}}, {"model": "auth.permission", "pk": 32, "fields": {"name": "Can change choice", "content_type": 11, "codename": "change_choice"}}, {"model": "auth.permission", "pk": 33, "fields": {"name": "Can delete choice", "content_type": 11, "codename": "delete_choice"}}, {"model": "auth.permission", "pk": 34, "fields": {"name": "Can add placed choice bet", "content_type": 12, "codename": "add_placedchoicebet"}}, {"model": "auth.permission", "pk": 35, "fields": {"name": "Can change placed choice bet", "content_type": 12, "codename": "change_placedchoicebet"}}, {"model": "auth.permission", "pk": 36, "fields": {"name": "Can delete placed choice bet", "content_type": 12, "codename": "delete_placedchoicebet"}}, {"model": "auth.permission", "pk": 37, "fields": {"name": "Can add date bet", "content_type": 13, "codename": "add_datebet"}}, {"model": "auth.permission", "pk": 38, "fields": {"name": "Can change date bet", "content_type": 13, "codename": "change_datebet"}}, {"model": "auth.permission", "pk": 39, "fields": {"name": "Can delete date bet", "content_type": 13, "codename": "delete_datebet"}}, {"model": "auth.permission", "pk": 40, "fields": {"name": "Can add placed date bet", "content_type": 14, "codename": "add_placeddatebet"}}, {"model": "auth.permission", "pk": 41, "fields": {"name": "Can change placed date bet", "content_type": 14, "codename": "change_placeddatebet"}}, {"model": "auth.permission", "pk": 42, "fields": {"name": "Can delete placed date bet", "content_type": 14, "codename": "delete_placeddatebet"}}, {"model": "auth.permission", "pk": 43, "fields": {"name": "Can add account", "content_type": 15, "codename": "add_account"}}, {"model": "auth.permission", "pk": 44, "fields": {"name": "Can change account", "content_type": 15, "codename": "change_account"}}, {"model": "auth.permission", "pk": 45, "fields": {"name": "Can delete account", "content_type": 15, "codename": "delete_account"}}, {"model": "auth.permission", "pk": 46, "fields": {"name": "Can add transaction", "content_type": 16, "codename": "add_transaction"}}, {"model": "auth.permission", "pk": 47, "fields": {"name": "Can change transaction", "content_type": 16, "codename": "change_transaction"}}, {"model": "auth.permission", "pk": 48, "fields": {"name": "Can delete transaction", "content_type": 16, "codename": "delete_transaction"}}, {"model": "auth.permission", "pk": 49, "fields": {"name": "Can add credit", "content_type": 17, "codename": "add_credit"}}, {"model": "auth.permission", "pk": 50, "fields": {"name": "Can change credit", "content_type": 17, "codename": "change_credit"}}, {"model": "auth.permission", "pk": 51, "fields": {"name": "Can delete credit", "content_type": 17, "codename": "delete_credit"}}, {"model": "auth.permission", "pk": 52, "fields": {"name": "Can add debit", "content_type": 18, "codename": "add_debit"}}, {"model": "auth.permission", "pk": 53, "fields": {"name": "Can change debit", "content_type": 18, "codename": "change_debit"}}, {"model": "auth.permission", "pk": 54, "fields": {"name": "Can delete debit", "content_type": 18, "codename": "delete_debit"}}, {"model": "auth.user", "pk": 1, "fields": {"password": "pbkdf2_sha256$24000$3KDfziy0WQgl$UO42HAd7SgFRK4Uq8kjpHBCDrrk72FvcB6LzOg3QeB4=", "last_login": "2016-06-06T16:53:55.340Z", "is_superuser": true, "username": "thames1990", "first_name": "Thomas", "last_name": "Mohr", "email": "ThomasMohr1990@gmail.com", "is_staff": true, "is_active": true, "date_joined": "2016-06-02T18:08:19Z", "groups": [], "user_permissions": []}}, {"model": "auth.user", "pk": 2, "fields": {"password": "pbkdf2_sha256$24000$kHFqI5TE1hzE$SPMlJc0HOKrUvNA21fDdKi8Hzbs+7CEkt2PX1nqD1vc=", "last_login": "2016-06-02T21:15:52.219Z", "is_superuser": true, "username": "splork", "first_name": "Markus", "last_name": "Sommer", "email": "markus@splork.de", "is_staff": true, "is_active": true, "date_joined": "2016-06-02T18:13:52Z", "groups": [], "user_permissions": []}}, {"model": "auth.user", "pk": 3, "fields": {"password": "pbkdf2_sha256$24000$H6kHQWmpWYJF$8EzcHt2x4ddq41xijsdN6znhY7f/lsl8QuD/F5GZ400=", "last_login": "2016-06-06T17:39:12.644Z", "is_superuser": false, "username": "thomas", "first_name": "Fred", "last_name": "Ding", "email": "frederik_ding@web.de", "is_staff": false, "is_active": true, "date_joined": "2016-06-06T17:18:21Z", "groups": [], "user_permissions": []}}, {"model": "auth.user", "pk": 4, "fields": {"password": "pbkdf2_sha256$24000$x8liMrFZeMdK$F3n/ufCdqEMR+ct8EM20wDA78/XoAc9HiYaM7p/yIyo=", "last_login": "2016-06-06T17:18:52.558Z", "is_superuser": false, "username": "q.+-_", "first_name": "Nick", "last_name": "Baer", "email": "bbb@nickb.de", "is_staff": false, "is_active": true, "date_joined": "2016-06-06T17:18:35.942Z", "groups": [], "user_permissions": []}}, {"model": "auth.user", "pk": 5, "fields": {"password": "pbkdf2_sha256$24000$tGU3aElPF83H$I7QTyHRh4VBev2LUD0OCeqDxcb1SxLZiYGeTFP3sA6c=", "last_login": "2016-06-06T17:39:20.549Z", "is_superuser": false, "username": "zitronentee", "first_name": "Adrian", "last_name": "Nitschmann", "email": "chaos@shuugo.de", "is_staff": false, "is_active": true, "date_joined": "2016-06-06T17:35:42.578Z", "groups": [], "user_permissions": []}}, {"model": "profiles.profile", "pk": 1, "fields": {"verified": true, "account": 1, "accepted_general_terms_and_conditions": true, "accepted_privacy_policy": true}}, {"model": "profiles.profile", "pk": 2, "fields": {"verified": true, "account": 2, "accepted_general_terms_and_conditions": true, "accepted_privacy_policy": true}}, {"model": "profiles.profile", "pk": 3, "fields": {"verified": true, "account": 6, "accepted_general_terms_and_conditions": true, "accepted_privacy_policy": true}}, {"model": "profiles.profile", "pk": 4, "fields": {"verified": true, "account": 7, "accepted_general_terms_and_conditions": true, "accepted_privacy_policy": true}}, {"model": "profiles.profile", "pk": 5, "fields": {"verified": true, "account": 12, "accepted_general_terms_and_conditions": true, "accepted_privacy_policy": true}}, {"model": "profiles.feedback", "pk": 1, "fields": {"provided_by": 1, "feedback": "Bester Messenger ever!", "resolved": true}}, {"model": "profiles.feedback", "pk": 2, "fields": {"provided_by": 4, "feedback": "-  Ich f\u00fchle mich durch das Verbot der Verwendung von Umlaute, Kommata, Punkte und Klammern in den Choices in meiner Kreativit\u00e4t eingeschr\u00e4nkt.\r\n\r\n- Man kann Bets nicht mehr am heutigen Tag ver\u00f6ffentlichen.\r\n\r\n- Wenn beim Abschicken der Wette ein Fehler auftritt, wie zum Beispiel, dass sie am aktuellen Tag ver\u00f6ffentlicht werden sollte, dann wird man wieder auf das Formular zur\u00fcckgeworfern, die Texte die man geschrieben hat wurden allerdings nicht zwischengespeichert", "resolved": true}}, {"model": "admin.logentry", "pk": 1, "fields": {"action_time": "2016-06-02T18:16:15.087Z", "user": 2, "content_type": 4, "object_id": "1", "object_repr": "thames1990", "action_flag": 2, "change_message": "Changed username, first_name and last_name."}}, {"model": "admin.logentry", "pk": 2, "fields": {"action_time": "2016-06-02T18:16:24.844Z", "user": 2, "content_type": 4, "object_id": "2", "object_repr": "splork", "action_flag": 2, "change_message": "Changed first_name and last_name."}}, {"model": "admin.logentry", "pk": 3, "fields": {"action_time": "2016-06-02T18:16:49.414Z", "user": 2, "content_type": 14, "object_id": "1", "object_repr": "Person: thames1990", "action_flag": 1, "change_message": "Added."}}, {"model": "admin.logentry", "pk": 4, "fields": {"action_time": "2016-06-02T18:17:29.027Z", "user": 2, "content_type": 14, "object_id": "2", "object_repr": "Person: splork", "action_flag": 1, "change_message": "Added."}}, {"model": "admin.logentry", "pk": 5, "fields": {"action_time": "2016-06-02T18:17:39.424Z", "user": 2, "content_type": 7, "object_id": "1", "object_repr": "thames1990", "action_flag": 1, "change_message": "Added."}}, {"model": "admin.logentry", "pk": 6, "fields": {"action_time": "2016-06-02T18:17:48.376Z", "user": 2, "content_type": 7, "object_id": "2", "object_repr": "splork", "action_flag": 1, "change_message": "Added."}}, {"model": "admin.logentry", "pk": 7, "fields": {"action_time": "2016-06-02T18:22:46.268Z", "user": 2, "content_type": 14, "object_id": "3", "object_repr": "Other: withdrawal", "action_flag": 1, "change_message": "Added."}}, {"model": "admin.logentry", "pk": 8, "fields": {"action_time": "2016-06-02T18:23:02.431Z", "user": 2, "content_type": 14, "object_id": "4", "object_repr": "Other: deposit", "action_flag": 1, "change_message": "Added."}}, {"model": "admin.logentry", "pk": 9, "fields": {"action_time": "2016-06-02T18:23:22.132Z", "user": 2, "content_type": 8, "object_id": "1", "object_repr": "Markus Sommer", "action_flag": 1, "change_message": "Added."}}, {"model": "admin.logentry", "pk": 10, "fields": {"action_time": "2016-06-02T18:23:31.351Z", "user": 2, "content_type": 8, "object_id": "2", "object_repr": "Thomas Mohr", "action_flag": 1, "change_message": "Added."}}, {"model": "admin.logentry", "pk": 11, "fields": {"action_time": "2016-06-02T18:24:04.186Z", "user": 2, "content_type": 14, "object_id": "5", "object_repr": "Other: operator", "action_flag": 1, "change_message": "Added."}}, {"model": "admin.logentry", "pk": 12, "fields": {"action_time": "2016-06-02T18:24:40.777Z", "user": 2, "content_type": 8, "object_id": "3", "object_repr": "Carsten", "action_flag": 1, "change_message": "Added."}}, {"model": "admin.logentry", "pk": 13, "fields": {"action_time": "2016-06-02T18:24:46.184Z", "user": 2, "content_type": 8, "object_id": "2", "object_repr": "Thomas", "action_flag": 2, "change_message": "Changed name."}}, {"model": "admin.logentry", "pk": 14, "fields": {"action_time": "2016-06-02T18:24:53.703Z", "user": 2, "content_type": 8, "object_id": "1", "object_repr": "Markus", "action_flag": 2, "change_message": "Changed name."}}, {"model": "admin.logentry", "pk": 15, "fields": {"action_time": "2016-06-02T18:25:03.122Z", "user": 2, "content_type": 8, "object_id": "4", "object_repr": "Niko", "action_flag": 1, "change_message": "Added."}}, {"model": "admin.logentry", "pk": 16, "fields": {"action_time": "2016-06-02T18:25:10.096Z", "user": 2, "content_type": 8, "object_id": "5", "object_repr": "Marco", "action_flag": 1, "change_message": "Added."}}, {"model": "admin.logentry", "pk": 17, "fields": {"action_time": "2016-06-02T18:25:17.414Z", "user": 2, "content_type": 8, "object_id": "6", "object_repr": "Nick", "action_flag": 1, "change_message": "Added."}}, {"model": "admin.logentry", "pk": 18, "fields": {"action_time": "2016-06-02T18:25:26.026Z", "user": 2, "content_type": 8, "object_id": "7", "object_repr": "Hermel", "action_flag": 1, "change_message": "Added."}}, {"model": "admin.logentry", "pk": 19, "fields": {"action_time": "2016-06-02T18:25:37.525Z", "user": 2, "content_type": 8, "object_id": "8", "object_repr": "Andrea", "action_flag": 1, "change_message": "Added."}}, {"model": "admin.logentry", "pk": 20, "fields": {"action_time": "2016-06-02T18:25:44.727Z", "user": 2, "content_type": 8, "object_id": "9", "object_repr": "Julia", "action_flag": 1, "change_message": "Added."}}, {"model": "admin.logentry", "pk": 21, "fields": {"action_time": "2016-06-02T18:25:54.603Z", "user": 2, "content_type": 8, "object_id": "10", "object_repr": "Gregor", "action_flag": 1, "change_message": "Added."}}, {"model": "admin.logentry", "pk": 22, "fields": {"action_time": "2016-06-02T18:26:03.491Z", "user": 2, "content_type": 8, "object_id": "11", "object_repr": "Adrian", "action_flag": 1, "change_message": "Added."}}, {"model": "admin.logentry", "pk": 23, "fields": {"action_time": "2016-06-02T18:26:11.414Z", "user": 2, "content_type": 8, "object_id": "12", "object_repr": "Steffi", "action_flag": 1, "change_message": "Added."}}, {"model": "admin.logentry", "pk": 24, "fields": {"action_time": "2016-06-02T18:26:21.267Z", "user": 2, "content_type": 8, "object_id": "13", "object_repr": "Bodi", "action_flag": 1, "change_message": "Added."}}, {"model": "admin.logentry", "pk": 25, "fields": {"action_time": "2016-06-02T18:26:27.408Z", "user": 2, "content_type": 8, "object_id": "14", "object_repr": "Theo", "action_flag": 1, "change_message": "Added."}}, {"model": "admin.logentry", "pk": 26, "fields": {"action_time": "2016-06-02T18:26:36.977Z", "user": 2, "content_type": 8, "object_id": "15", "object_repr": "Fred", "action_flag": 1, "change_message": "Added."}}, {"model": "admin.logentry", "pk": 27, "fields": {"action_time": "2016-06-02T18:26:44.350Z", "user": 2, "content_type": 8, "object_id": "16", "object_repr": "Ibrahim", "action_flag": 1, "change_message": "Added."}}, {"model": "admin.logentry", "pk": 28, "fields": {"action_time": "2016-06-06T17:04:18.628Z", "user": 2, "content_type": 8, "object_id": "17", "object_repr": "Nathalie", "action_flag": 1, "change_message": "Added."}}, {"model": "admin.logentry", "pk": 29, "fields": {"action_time": "2016-06-06T17:04:43.767Z", "user": 2, "content_type": 8, "object_id": "18", "object_repr": "Markus", "action_flag": 1, "change_message": "Added."}}, {"model": "admin.logentry", "pk": 30, "fields": {"action_time": "2016-06-06T17:04:51.204Z", "user": 2, "content_type": 8, "object_id": "19", "object_repr": "Thomas", "action_flag": 1, "change_message": "Added."}}, {"model": "admin.logentry", "pk": 31, "fields": {"action_time": "2016-06-06T17:05:01.545Z", "user": 2, "content_type": 8, "object_id": "20", "object_repr": "Andrea", "action_flag": 1, "change_message": "Added."}}, {"model": "admin.logentry", "pk": 32, "fields": {"action_time": "2016-06-06T17:05:08.848Z", "user": 2, "content_type": 8, "object_id": "21", "object_repr": "Niko", "action_flag": 1, "change_message": "Added."}}, {"model": "admin.logentry", "pk": 33, "fields": {"action_time": "2016-06-06T17:05:20.990Z", "user": 2, "content_type": 8, "object_id": "22", "object_repr": "Marco", "action_flag": 1, "change_message": "Added."}}, {"model": "admin.logentry", "pk": 34, "fields": {"action_time": "2016-06-06T17:05:28.605Z", "user": 2, "content_type": 8, "object_id": "23", "object_repr": "Adrian", "action_flag": 1, "change_message": "Added."}}, {"model": "admin.logentry", "pk": 35, "fields": {"action_time": "2016-06-06T17:05:34.904Z", "user": 2, "content_type": 8, "object_id": "24", "object_repr": "Hermel", "action_flag": 1, "change_message": "Added."}}, {"model": "admin.logentry", "pk": 36, "fields": {"action_time": "2016-06-06T17:05:47.165Z", "user": 2, "content_type": 8, "object_id": "25", "object_repr": "Nick", "action_flag": 1, "change_message": "Added."}}, {"model": "admin.logentry", "pk": 37, "fields": {"action_time": "2016-06-06T17:05:54.402Z", "user": 2, "content_type": 8, "object_id": "26", "object_repr": "Steffi", "action_flag": 1, "change_message": "Added."}}, {"model": "admin.logentry", "pk": 38, "fields": {"action_time": "2016-06-06T17:06:01.402Z", "user": 2, "content_type": 8, "object_id": "27", "object_repr": "Julia", "action_flag": 1, "change_message": "Added."}}, {"model": "admin.logentry", "pk": 39, "fields": {"action_time": "2016-06-06T17:06:04.538Z", "user": 2, "content_type": 8, "object_id": "28", "object_repr": "Gregor", "action_flag": 1, "change_message": "Added."}}, {"model": "admin.logentry", "pk": 40, "fields": {"action_time": "2016-06-06T17:06:11.920Z", "user": 2, "content_type": 8, "object_id": "29", "object_repr": "Carsten", "action_flag": 1, "change_message": "Added."}}, {"model": "admin.logentry", "pk": 41, "fields": {"action_time": "2016-06-06T17:06:18.315Z", "user": 2, "content_type": 8, "object_id": "30", "object_repr": "Bodi", "action_flag": 1, "change_message": "Added."}}, {"model": "admin.logentry", "pk": 42, "fields": {"action_time": "2016-06-06T17:06:21.765Z", "user": 2, "content_type": 8, "object_id": "31", "object_repr": "Theo", "action_flag": 1, "change_message": "Added."}}, {"model": "admin.logentry", "pk": 43, "fields": {"action_time": "2016-06-06T17:06:31.434Z", "user": 2, "content_type": 8, "object_id": "32", "object_repr": "Fred", "action_flag": 1, "change_message": "Added."}}, {"model": "admin.logentry", "pk": 44, "fields": {"action_time": "2016-06-06T17:24:39.618Z", "user": 1, "content_type": 7, "object_id": "4", "object_repr": "q.+-_", "action_flag": 2, "change_message": "Changed verified."}}, {"model": "admin.logentry", "pk": 45, "fields": {"action_time": "2016-06-06T17:24:43.229Z", "user": 1, "content_type": 7, "object_id": "3", "object_repr": "thomas", "action_flag": 2, "change_message": "Changed verified."}}, {"model": "admin.logentry", "pk": 46, "fields": {"action_time": "2016-06-06T17:25:17.487Z", "user": 2, "content_type": 4, "object_id": "3", "object_repr": "thomas", "action_flag": 2, "change_message": "Changed last_name."}}, {"model": "admin.logentry", "pk": 47, "fields": {"action_time": "2016-06-06T17:35:29.128Z", "user": 2, "content_type": 13, "object_id": "1929532884", "object_repr": "Foobar", "action_flag": 3, "change_message": ""}}, {"model": "admin.logentry", "pk": 48, "fields": {"action_time": "2016-06-06T17:36:46.608Z", "user": 1, "content_type": 7, "object_id": "5", "object_repr": "zitronentee", "action_flag": 2, "change_message": "Changed verified."}}, {"model": "admin.logentry", "pk": 49, "fields": {"action_time": "2016-06-06T18:00:34.581Z", "user": 2, "content_type": 16, "object_id": "952907", "object_repr": "952907", "action_flag": 1, "change_message": "Added."}}, {"model": "admin.logentry", "pk": 50, "fields": {"action_time": "2016-06-06T18:00:54.172Z", "user": 2, "content_type": 17, "object_id": "1", "object_repr": "952907", "action_flag": 1, "change_message": "Added."}}, {"model": "admin.logentry", "pk": 51, "fields": {"action_time": "2016-06-06T18:00:59.667Z", "user": 2, "content_type": 17, "object_id": "2", "object_repr": "952907", "action_flag": 1, "change_message": "Added."}}, {"model": "admin.logentry", "pk": 52, "fields": {"action_time": "2016-06-06T18:01:10.357Z", "user": 2, "content_type": 17, "object_id": "3", "object_repr": "952907", "action_flag": 1, "change_message": "Added."}}, {"model": "admin.logentry", "pk": 53, "fields": {"action_time": "2016-06-06T18:01:23.832Z", "user": 2, "content_type": 17, "object_id": "4", "object_repr": "952907", "action_flag": 1, "change_message": "Added."}}, {"model": "admin.logentry", "pk": 54, "fields": {"action_time": "2016-06-06T18:01:37.288Z", "user": 2, "content_type": 18, "object_id": "1", "object_repr": "952907", "action_flag": 1, "change_message": "Added."}}, {"model": "admin.logentry", "pk": 55, "fields": {"action_time": "2016-06-06T18:02:10.993Z", "user": 2, "content_type": 15, "object_id": "11", "object_repr": "Bet: Testbet", "action_flag": 3, "change_message": ""}}, {"model": "admin.logentry", "pk": 56, "fields": {"action_time": "2016-06-06T18:02:10.997Z", "user": 2, "content_type": 15, "object_id": "10", "object_repr": "Bet: Foobar", "action_flag": 3, "change_message": ""}}, {"model": "admin.logentry", "pk": 57, "fields": {"action_time": "2016-06-06T18:02:11.002Z", "user": 2, "content_type": 15, "object_id": "9", "object_repr": "Bet: Test", "action_flag": 3, "change_message": ""}}, {"model": "admin.logentry", "pk": 58, "fields": {"action_time": "2016-06-06T18:02:11.005Z", "user": 2, "content_type": 15, "object_id": "8", "object_repr": "Bet: Test", "action_flag": 3, "change_message": ""}}, {"model": "admin.logentry", "pk": 59, "fields": {"action_time": "2016-06-06T18:02:25.177Z", "user": 2, "content_type": 15, "object_id": "7", "object_repr": "Person: q.+-_", "action_flag": 2, "change_message": "Changed balance."}}, {"model": "admin.logentry", "pk": 60, "fields": {"action_time": "2016-06-06T18:02:30.585Z", "user": 2, "content_type": 15, "object_id": "6", "object_repr": "Person: thomas", "action_flag": 2, "change_message": "Changed balance."}}, {"model": "admin.logentry", "pk": 61, "fields": {"action_time": "2016-06-06T18:02:35.407Z", "user": 2, "content_type": 15, "object_id": "2", "object_repr": "Person: splork", "action_flag": 2, "change_message": "Changed balance."}}, {"model": "admin.logentry", "pk": 62, "fields": {"action_time": "2016-06-06T18:02:39.916Z", "user": 2, "content_type": 15, "object_id": "1", "object_repr": "Person: thames1990", "action_flag": 2, "change_message": "Changed balance."}}, {"model": "admin.logentry", "pk": 63, "fields": {"action_time": "2016-06-06T18:03:08.272Z", "user": 2, "content_type": 18, "object_id": "1", "object_repr": "952907", "action_flag": 2, "change_message": "Changed amount."}}, {"model": "admin.logentry", "pk": 64, "fields": {"action_time": "2016-06-06T18:03:15.676Z", "user": 2, "content_type": 17, "object_id": "5", "object_repr": "952907", "action_flag": 1, "change_message": "Added."}}, {"model": "admin.logentry", "pk": 65, "fields": {"action_time": "2016-06-06T18:03:25.125Z", "user": 2, "content_type": 15, "object_id": "12", "object_repr": "Person: zitronentee", "action_flag": 2, "change_message": "Changed balance."}}, {"model": "admin.logentry", "pk": 66, "fields": {"action_time": "2016-06-06T18:06:20.114Z", "user": 2, "content_type": 10, "object_id": "1165877166", "object_repr": "Thomas is voll doof", "action_flag": 2, "change_message": "Changed description."}}, {"model": "admin.logentry", "pk": 67, "fields": {"action_time": "2016-06-06T18:25:37.535Z", "user": 1, "content_type": 8, "object_id": "32", "object_repr": "Fred", "action_flag": 2, "change_message": "Changed has_account and account."}}, {"model": "admin.logentry", "pk": 68, "fields": {"action_time": "2016-06-06T18:25:49.646Z", "user": 1, "content_type": 8, "object_id": "25", "object_repr": "Nick", "action_flag": 2, "change_message": "Changed has_account and account."}}, {"model": "admin.logentry", "pk": 69, "fields": {"action_time": "2016-06-06T18:25:58.703Z", "user": 1, "content_type": 8, "object_id": "23", "object_repr": "Adrian", "action_flag": 2, "change_message": "Changed has_account and account."}}]